episode,reward,avg_loss,epsilon,success,steps
0,-4.000,0.02014,0.998,0,50
1,1.500,0.03527,0.995,0,50
2,3.000,0.04263,0.993,0,50
3,-6.000,0.03284,0.991,0,50
4,-7.000,0.02758,0.988,0,50
5,1.500,0.02623,0.986,0,50
6,-3.000,0.02441,0.983,0,50
7,-1.500,0.02215,0.981,0,50
8,-1.500,0.02063,0.979,0,50
9,-4.000,0.02036,0.976,0,50
10,-8.500,0.01841,0.974,0,50
11,-3.500,0.02056,0.972,0,50
12,1.000,0.02121,0.969,0,50
13,2.000,0.02307,0.967,0,50
14,-2.000,0.02242,0.964,0,50
15,-2.500,0.02252,0.962,0,50
16,-3.500,0.02188,0.960,0,50
17,-2.000,0.02095,0.957,0,50
18,4.000,0.02162,0.955,0,50
19,-2.000,0.02288,0.953,0,50
20,-3.500,0.04328,0.950,0,50
21,-5.000,0.03608,0.948,0,50
22,3.000,0.03708,0.945,0,50
23,-1.500,0.03425,0.943,0,50
24,1.000,0.03230,0.941,0,50
25,6.500,0.03204,0.938,0,50
26,-3.000,0.03550,0.936,0,50
27,3.000,0.03679,0.934,0,50
28,-3.500,0.03519,0.931,0,50
29,3.000,0.03551,0.929,0,50
30,-5.000,0.03287,0.926,0,50
31,-3.000,0.03086,0.924,0,50
32,-4.500,0.03453,0.922,0,50
33,4.500,0.03265,0.919,0,50
34,-0.500,0.03131,0.917,0,50
35,-2.000,0.03417,0.915,0,50
36,2.500,0.03112,0.912,0,50
37,4.000,0.03436,0.910,0,50
38,-2.500,0.03544,0.907,0,50
39,-1.000,0.03242,0.905,0,50
40,-3.500,0.05555,0.903,0,50
41,2.000,0.04497,0.900,0,50
42,-5.000,0.04364,0.898,0,50
43,-1.500,0.04048,0.896,0,50
44,0.000,0.04337,0.893,0,50
45,-0.500,0.04139,0.891,0,50
46,1.500,0.04005,0.888,0,50
47,6.500,0.03836,0.886,0,50
48,5.500,0.03951,0.884,0,50
49,-4.500,0.04010,0.881,0,50
50,-0.000,0.04224,0.879,0,50
51,1.000,0.04031,0.877,0,50
52,-1.000,0.03837,0.874,0,50
53,-0.500,0.03948,0.872,0,50
54,59.400,0.04042,0.870,1,41
55,1.500,1.62981,0.867,0,50
56,5.500,1.61882,0.865,0,50
57,2.500,0.82430,0.863,0,50
58,5.500,0.81721,0.860,0,50
59,-2.000,0.80290,0.858,0,50
60,-0.500,0.81800,0.856,0,50
61,6.500,1.52368,0.853,0,50
62,-4.000,1.46539,0.851,0,50
63,53.500,2.00474,0.849,1,35
64,7.000,0.76251,0.847,0,50
65,4.000,2.14801,0.844,0,50
66,-6.000,1.57450,0.842,0,50
67,8.000,2.40575,0.840,0,50
68,2.500,2.20909,0.837,0,50
69,10.000,1.58617,0.835,0,50
70,2.500,1.51537,0.833,0,50
71,8.500,0.80195,0.830,0,50
72,5.500,2.10246,0.828,0,50
73,1.500,1.44883,0.825,0,50
74,-1.000,0.77643,0.823,0,50
75,-5.000,0.68892,0.821,0,50
76,7.000,2.27543,0.818,0,50
77,9.000,2.74148,0.816,0,50
78,0.500,2.16214,0.814,0,50
79,0.500,1.24725,0.811,0,50
80,6.000,0.13767,0.809,0,50
81,8.000,2.24924,0.806,0,50
82,3.500,0.88597,0.804,0,50
83,5.000,0.87381,0.802,0,50
84,10.500,0.12889,0.799,0,50
85,51.800,3.07487,0.798,1,37
86,1.500,4.22127,0.795,0,50
87,1.000,0.78959,0.793,0,50
88,55.800,1.63978,0.791,1,42
89,6.000,5.15755,0.788,0,50
90,7.500,1.49195,0.786,0,50
91,-0.500,2.00382,0.784,0,50
92,7.000,2.03890,0.781,0,50
93,0.500,3.52318,0.779,0,50
94,9.000,1.49317,0.777,0,50
95,15.500,1.57472,0.774,0,50
96,3.500,0.14053,0.772,0,50
97,8.500,2.18972,0.769,0,50
98,5.000,0.86901,0.767,0,50
99,-4.500,1.42147,0.765,0,50
100,3.500,0.90575,0.762,0,50
101,1.500,0.87267,0.760,0,50
102,-0.000,2.07682,0.758,0,50
103,5.000,0.16735,0.755,0,50
104,4.000,1.61821,0.753,0,50
105,8.000,0.90032,0.750,0,50
106,1.000,2.95232,0.748,0,50
107,6.000,2.86164,0.746,0,50
108,-1.000,1.55749,0.743,0,50
109,6.500,1.59339,0.741,0,50
110,3.500,2.82728,0.739,0,50
111,6.500,1.49914,0.736,0,50
112,6.500,2.15311,0.734,0,50
113,3.500,1.52093,0.731,0,50
114,14.000,2.15505,0.729,0,50
115,-0.500,0.19706,0.727,0,50
116,3.500,0.17786,0.724,0,50
117,9.000,1.45378,0.722,0,50
118,4.500,0.87032,0.720,0,50
119,8.000,2.61438,0.717,0,50
120,3.500,0.19130,0.715,0,50
121,7.500,1.57551,0.712,0,50
122,17.000,0.94758,0.710,0,50
123,55.700,2.07379,0.709,1,18
124,6.000,1.37895,0.707,0,50
125,8.000,0.26335,0.704,0,50
126,10.000,1.49167,0.702,0,50
127,62.100,2.80898,0.700,1,34
128,11.500,4.56781,0.698,0,50
129,9.000,0.89342,0.696,0,50
130,1.500,2.18331,0.693,0,50
131,11.000,3.29664,0.691,0,50
132,-0.500,0.21532,0.689,0,50
133,11.500,3.44999,0.686,0,50
134,58.900,2.01529,0.685,1,21
135,8.500,3.66385,0.683,0,50
136,-1.000,2.22153,0.680,0,50
137,9.500,2.18932,0.678,0,50
138,10.500,2.03890,0.676,0,50
139,20.000,3.55025,0.673,0,50
140,13.500,2.86292,0.671,0,50
141,6.000,1.45157,0.669,0,50
142,11.000,0.27874,0.666,0,50
143,7.500,2.15394,0.664,0,50
144,5.000,4.18645,0.661,0,50
145,10.000,0.93975,0.659,0,50
146,10.500,3.45484,0.657,0,50
147,66.200,3.85151,0.654,1,48
148,6.500,3.01270,0.652,0,50
149,5.500,1.57790,0.650,0,50
150,6.500,2.69327,0.647,0,50
151,3.000,2.24118,0.645,0,50
152,13.000,2.30464,0.643,0,50
153,8.000,2.91310,0.640,0,50
154,11.000,2.24385,0.638,0,50
155,14.000,1.59237,0.635,0,50
156,2.000,2.09526,0.633,0,50
157,58.500,0.27669,0.632,1,15
158,4.500,2.86422,0.630,0,50
159,1.000,2.97683,0.628,0,50
160,3.000,0.98719,0.625,0,50
161,28.000,0.91850,0.623,0,50
162,-3.000,1.67622,0.620,0,50
163,4.500,2.39352,0.618,0,50
164,8.500,1.61570,0.616,0,50
165,59.200,4.73319,0.614,1,38
166,59.600,1.80354,0.613,1,24
167,7.500,4.84912,0.610,0,50
168,12.500,3.59549,0.608,0,50
169,13.000,5.01734,0.606,0,50
170,15.000,1.97464,0.603,0,50
171,19.500,2.77082,0.601,0,50
172,12.500,2.82851,0.599,0,50
173,61.000,3.68236,0.597,1,40
174,11.500,1.05308,0.594,0,50
175,15.500,3.28770,0.592,0,50
176,10.500,2.33296,0.590,0,50
177,15.500,2.32940,0.587,0,50
178,10.500,2.96408,0.585,0,50
179,13.000,3.68332,0.582,0,50
180,61.800,1.29810,0.581,1,32
181,11.500,3.50130,0.578,0,50
182,59.100,0.25796,0.578,1,19
183,16.000,6.16455,0.575,0,50
184,14.000,2.71735,0.573,0,50
185,52.600,2.50022,0.572,1,14
186,12.500,3.59415,0.570,0,50
187,9.500,2.90287,0.567,0,50
188,17.000,2.40336,0.565,0,50
189,5.500,7.21371,0.563,0,50
190,54.200,4.53885,0.562,1,8
191,17.500,2.40332,0.560,0,50
192,56.400,3.26306,0.559,1,21
193,61.800,2.43120,0.557,1,32
194,56.000,7.37448,0.555,1,50
195,15.000,3.67425,0.553,0,50
196,13.500,4.17060,0.550,0,50
197,16.000,5.02959,0.548,0,50
198,24.500,3.71294,0.546,0,50
199,8.500,4.95759,0.543,0,50
200,54.200,8.83538,0.543,1,8
201,13.000,4.87968,0.540,0,50
202,55.300,5.95569,0.540,1,12
203,12.500,1.64997,0.537,0,50
204,13.000,2.39093,0.535,0,50
205,7.000,4.31702,0.533,0,50
206,54.400,3.41385,0.532,1,11
207,7.500,6.20932,0.530,0,50
208,59.300,4.92046,0.529,1,22
209,61.900,4.07608,0.528,1,26
210,54.000,0.37108,0.527,1,10
211,18.000,4.96044,0.525,0,50
212,10.000,6.11523,0.522,0,50
213,62.600,5.70209,0.520,1,44
214,12.500,9.61074,0.518,0,50
215,8.500,5.58815,0.515,0,50
216,10.500,3.78714,0.513,0,50
217,58.300,4.11478,0.512,1,27
218,68.900,4.94298,0.510,1,36
219,13.500,5.34880,0.508,0,50
220,15.000,5.39666,0.505,0,50
221,12.000,7.33221,0.503,0,50
222,9.500,6.79928,0.501,0,50
223,21.500,7.68963,0.498,0,50
224,65.500,3.61695,0.496,1,40
225,7.500,6.23641,0.494,0,50
226,18.000,5.53776,0.492,0,50
227,61.800,4.85950,0.491,1,22
228,16.500,6.83914,0.488,0,50
229,9.500,4.91616,0.486,0,50
230,72.000,4.19124,0.483,1,50
231,54.600,21.37292,0.483,1,9
232,52.100,0.49445,0.483,1,4
233,13.500,9.83129,0.480,0,50
234,21.500,8.02248,0.478,0,50
235,60.300,4.09763,0.477,1,17
236,15.000,4.83418,0.475,0,50
237,18.500,5.03505,0.472,0,50
238,57.200,4.05134,0.472,1,18
239,9.000,8.88364,0.469,0,50
240,17.000,5.38399,0.467,0,50
241,7.000,6.07545,0.464,0,50
242,68.100,5.73950,0.463,1,29
243,65.400,7.36380,0.461,1,46
244,71.100,6.10764,0.459,1,44
245,22.000,5.03321,0.456,0,50
246,68.800,8.55256,0.454,1,42
247,66.000,5.12672,0.453,1,35
248,19.500,9.12543,0.450,0,50
249,54.900,3.32017,0.450,1,11
250,51.600,8.88615,0.449,1,14
251,15.000,12.15300,0.447,0,50
252,19.000,6.25143,0.444,0,50
253,13.500,5.08702,0.442,0,50
254,20.500,8.45736,0.440,0,50
255,65.500,7.55813,0.438,1,30
256,11.000,7.61570,0.436,0,50
257,56.200,7.57710,0.435,1,18
258,65.100,4.36663,0.434,1,24
259,52.500,6.91282,0.433,1,20
260,52.000,6.60573,0.433,1,5
261,54.500,10.00609,0.432,1,10
262,20.000,9.69931,0.430,0,50
263,55.200,10.18304,0.428,1,38
264,58.600,4.00514,0.427,1,24
265,8.500,8.39348,0.425,0,50
266,16.500,11.15631,0.422,0,50
267,16.500,6.69155,0.420,0,50
268,22.000,9.15193,0.417,0,50
269,56.500,9.65293,0.417,1,10
270,20.000,14.94057,0.415,0,50
271,19.000,7.38402,0.412,0,50
272,62.200,8.89648,0.411,1,18
273,15.000,7.91948,0.409,0,50
274,18.000,11.01446,0.407,0,50
275,23.000,11.28505,0.404,0,50
276,25.000,10.04136,0.402,0,50
277,65.700,10.38761,0.401,1,23
278,19.000,9.09467,0.398,0,50
279,10.500,5.76120,0.396,0,50
280,75.200,4.48209,0.394,1,48
281,57.100,6.95956,0.393,1,14
282,57.500,12.20812,0.392,1,15
283,21.000,5.57107,0.390,0,50
284,26.000,12.00621,0.388,0,50
285,55.500,15.87451,0.387,1,10
286,12.500,6.53353,0.385,0,50
287,29.000,8.66725,0.382,0,50
288,18.500,12.19591,0.380,0,50
289,53.500,10.48023,0.379,1,15
290,21.000,9.54058,0.377,0,50
291,58.100,9.37373,0.376,1,24
292,17.500,12.85558,0.373,0,50
293,59.000,8.27966,0.372,1,20
294,56.800,7.52882,0.372,1,17
295,18.000,6.94856,0.369,0,50
296,58.300,12.33004,0.368,1,22
297,56.200,3.06026,0.368,1,13
298,59.600,4.09576,0.367,1,19
299,12.000,9.69246,0.364,0,50
300,18.500,9.70236,0.362,0,50
301,13.000,9.45860,0.360,0,50
302,53.900,9.37372,0.359,1,21
303,58.600,17.00793,0.357,1,44
304,22.500,8.03609,0.354,0,50
305,58.700,10.49697,0.353,1,18
306,16.000,11.83274,0.351,0,50
307,66.100,9.96483,0.349,1,44
308,64.000,9.62751,0.347,1,30
309,53.400,6.32318,0.347,1,6
310,56.800,9.73373,0.347,1,12
311,51.500,11.94777,0.346,1,5
312,59.000,9.42418,0.345,1,30
313,13.000,11.18904,0.343,0,50
314,-0.000,11.87231,0.340,0,50
315,11.500,8.77788,0.338,0,50
316,55.900,14.92805,0.337,1,11
317,5.500,11.46368,0.335,0,50
318,57.100,11.46460,0.334,1,24
319,54.000,8.98843,0.333,1,25
320,67.800,6.52402,0.331,1,27
321,52.900,5.86434,0.331,1,6
322,55.900,10.80047,0.330,1,26
323,59.400,13.24415,0.329,1,16
324,52.600,13.19174,0.329,1,9
325,61.200,4.62839,0.327,1,23
326,20.000,6.52393,0.325,0,50
327,64.600,10.94472,0.323,1,39
328,52.100,4.41306,0.323,1,9
329,55.200,13.74297,0.322,1,13
330,62.900,13.62292,0.321,1,21
331,52.800,8.89063,0.321,1,7
332,51.300,8.83503,0.321,1,7
333,24.500,15.33968,0.318,0,50
334,68.100,22.35881,0.317,1,24
335,56.400,16.55149,0.316,1,31
336,55.300,14.50779,0.315,1,12
337,21.000,12.21765,0.313,0,50
338,52.100,21.42241,0.312,1,4
339,55.200,11.97142,0.312,1,8
340,60.100,5.27108,0.311,1,14
341,19.000,10.74222,0.309,0,50
342,71.700,12.74559,0.307,1,48
343,53.600,1.07703,0.306,1,9
344,65.300,5.81437,0.305,1,22
345,77.100,15.18611,0.303,1,44
346,19.500,8.11163,0.301,0,50
347,53.600,10.50711,0.300,1,9
348,3.000,15.18239,0.298,0,50
349,14.500,14.08356,0.296,0,50
350,57.100,12.23314,0.295,1,14
351,7.500,14.33590,0.293,0,50
352,10.500,13.57655,0.290,0,50
353,58.100,22.30072,0.289,1,14
354,16.000,16.61281,0.287,0,50
355,71.700,14.78199,0.285,1,38
356,70.700,11.71497,0.283,1,43
357,68.100,15.70066,0.281,1,44
358,54.600,10.41595,0.281,1,9
359,25.000,12.93200,0.278,0,50
360,15.000,16.03632,0.276,0,50
361,23.500,19.40163,0.274,0,50
362,5.500,8.86141,0.271,0,50
363,73.300,11.91170,0.269,1,47
364,54.200,14.18848,0.269,1,8
365,65.900,10.44048,0.266,1,46
366,54.000,7.42603,0.266,1,10
367,87.300,14.36075,0.264,1,47
368,24.000,14.90205,0.261,0,50
369,57.600,6.01660,0.261,1,9
370,52.900,14.66369,0.261,1,6
371,62.900,15.18475,0.260,1,16
372,53.100,14.01474,0.260,1,4
373,19.500,11.88557,0.257,0,50
374,62.100,14.34670,0.256,1,34
375,57.800,24.93726,0.255,1,17
376,19.000,14.54267,0.253,0,50
377,17.000,15.99612,0.250,0,50
378,28.000,15.26932,0.248,0,50
379,75.100,14.95419,0.246,1,44
380,58.800,12.30352,0.245,1,12
381,59.100,23.19311,0.244,1,14
382,59.500,12.89926,0.244,1,15
383,63.900,12.69034,0.242,1,41
384,60.400,13.37578,0.241,1,26
385,63.400,16.70337,0.240,1,21
386,59.800,12.65163,0.237,1,47
387,57.200,12.53506,0.236,1,18
388,13.500,13.96199,0.234,0,50
389,16.500,14.38732,0.232,0,50
390,59.600,9.12040,0.231,1,24
391,19.500,17.04399,0.228,0,50
392,68.000,11.03711,0.227,1,35
393,58.400,18.95201,0.226,1,11
394,3.000,11.90889,0.224,0,50
395,54.900,14.72801,0.223,1,6
396,20.500,11.43863,0.221,0,50
397,63.500,11.72083,0.219,1,45
398,21.000,13.67172,0.216,0,50
399,56.700,17.00555,0.216,1,8
400,51.200,36.62766,0.216,1,3
401,24.500,12.95374,0.214,0,50
402,56.100,15.67218,0.213,1,9
403,61.000,14.90940,0.212,1,20
404,59.000,13.62611,0.212,1,15
405,13.500,16.29479,0.209,0,50
406,30.000,14.04987,0.207,0,50
407,27.000,16.90907,0.204,0,50
408,59.900,16.60361,0.203,1,36
409,58.800,23.09148,0.201,1,32
410,64.900,11.95757,0.199,1,41
411,24.000,12.62624,0.197,0,50
412,53.900,21.36787,0.196,1,11
413,53.700,27.31582,0.196,1,8
414,58.400,20.46494,0.195,1,26
415,51.900,10.83827,0.194,1,6
416,51.700,29.18945,0.194,1,3
417,28.500,18.15089,0.192,0,50
418,54.500,16.54683,0.192,1,5
419,63.000,15.11046,0.191,1,20
420,53.600,29.14067,0.190,1,9
421,74.000,13.15033,0.189,1,35
422,65.700,15.96363,0.188,1,23
423,16.500,18.98357,0.185,0,50
424,16.000,14.38203,0.183,0,50
425,34.500,14.26323,0.180,0,50
426,19.000,15.87550,0.178,0,50
427,14.500,16.85261,0.176,0,50
428,54.600,7.47660,0.175,1,9
429,38.000,13.63584,0.173,0,50
430,59.500,14.49844,0.172,1,15
431,56.400,18.76714,0.172,1,11
432,52.800,17.85896,0.171,1,7
433,32.000,19.99731,0.169,0,50
434,53.500,10.82145,0.169,1,5
435,18.500,14.25832,0.166,0,50
436,72.000,22.85230,0.165,1,30
437,40.000,17.25756,0.162,0,50
438,23.500,16.53438,0.160,0,50
439,52.500,31.70660,0.160,1,5
440,53.900,24.85650,0.160,1,6
441,59.600,17.43672,0.159,1,14
442,56.100,16.57925,0.158,1,14
443,54.500,17.60094,0.158,1,5
444,55.200,16.98658,0.158,1,8
445,64.200,16.13705,0.156,1,43
446,16.500,17.87700,0.153,0,50
447,39.500,19.43461,0.151,0,50
448,53.000,17.43699,0.151,1,5
449,63.700,20.40895,0.150,1,23
450,77.300,21.08446,0.148,1,32
451,69.100,19.73832,0.146,1,39
452,52.700,20.19992,0.146,1,3
453,60.400,14.83094,0.145,1,21
454,16.000,14.83833,0.143,0,50
455,11.000,18.22562,0.140,0,50
456,36.000,21.51959,0.138,0,50
457,70.500,18.42937,0.136,1,35
458,53.300,23.06227,0.136,1,7
459,55.600,12.86560,0.135,1,24
460,23.000,13.28760,0.132,0,50
461,75.200,20.53619,0.130,1,48
462,64.100,17.31481,0.129,1,19
463,54.000,17.82579,0.129,1,5
464,24.000,15.31232,0.127,0,50
465,58.600,15.15215,0.126,1,14
466,54.400,18.17652,0.126,1,6
467,57.700,14.06904,0.125,1,13
468,54.900,10.18457,0.124,1,21
469,52.100,8.07038,0.124,1,4
470,27.500,20.81617,0.121,0,50
471,65.900,17.77156,0.120,1,36
472,58.000,25.45104,0.119,1,10
473,16.500,23.23940,0.117,0,50
474,36.500,17.81534,0.115,0,50
475,65.900,17.85128,0.113,1,31
476,52.100,30.88147,0.113,1,4
477,69.300,17.78946,0.112,1,27
478,31.000,24.74009,0.109,0,50
479,41.000,17.08330,0.107,0,50
480,53.600,27.57348,0.107,1,4
481,53.800,16.71685,0.106,1,7
482,72.700,23.17614,0.104,1,48
483,64.600,19.25119,0.102,1,34
484,38.000,16.37554,0.100,0,50
485,0.500,19.73788,0.098,0,50
486,54.000,12.53150,0.097,1,5
487,26.500,15.30512,0.095,0,50
488,74.500,18.61286,0.093,1,40
489,62.900,20.04191,0.092,1,26
490,53.100,20.23519,0.092,1,4
491,60.300,12.68533,0.091,1,12
492,53.700,4.40067,0.091,1,8
493,63.100,16.82027,0.090,1,24
494,24.000,19.43013,0.087,0,50
495,24.500,16.86398,0.085,0,50
496,12.000,18.53466,0.082,0,50
497,66.000,19.37995,0.081,1,35
498,73.200,19.25363,0.079,1,28
499,78.800,19.77479,0.077,1,47
500,18.000,21.35553,0.075,0,50
501,24.000,17.48230,0.073,0,50
502,0.500,14.09205,0.070,0,50
503,62.500,17.29159,0.069,1,15
504,37.500,22.11225,0.067,0,50
505,56.900,17.42463,0.067,1,11
506,60.400,15.94804,0.066,1,21
507,54.700,14.02211,0.065,1,8
508,53.800,21.92138,0.065,1,7
509,38.500,20.02608,0.062,0,50
510,67.200,18.08063,0.061,1,23
511,58.900,17.10112,0.061,1,11
512,35.500,18.49402,0.058,0,50
513,35.500,17.92365,0.056,0,50
514,56.700,13.83078,0.056,1,8
515,17.500,24.75912,0.053,0,50
516,53.400,13.44502,0.053,1,6
517,55.700,28.47569,0.052,1,13
518,53.600,36.61532,0.052,1,4
519,67.100,21.16919,0.051,1,29
520,66.300,19.00838,0.050,1,27
521,21.500,21.79212,0.050,0,50
522,30.000,13.85488,0.050,0,50
523,18.500,24.50148,0.050,0,50
524,60.700,8.55931,0.050,1,18
525,58.000,12.30379,0.050,1,10
526,53.400,17.54159,0.050,1,6
527,28.500,22.73786,0.050,0,50
528,30.000,22.37026,0.050,0,50
529,63.300,16.40683,0.050,1,17
530,66.400,10.99718,0.050,1,21
531,21.000,20.38213,0.050,0,50
532,27.000,19.49347,0.050,0,50
533,40.500,19.21543,0.050,0,50
534,39.000,23.11123,0.050,0,50
535,56.800,19.40035,0.050,1,7
536,54.100,15.10346,0.050,1,19
537,59.900,20.49285,0.050,1,31
538,52.300,36.94693,0.050,1,2
539,63.800,11.17871,0.050,1,17
540,19.000,23.39175,0.050,0,50
541,73.200,21.48731,0.050,1,43
542,40.500,20.48854,0.050,0,50
543,53.900,26.65315,0.050,1,6
544,40.500,21.94942,0.050,0,50
545,20.000,19.57302,0.050,0,50
546,54.100,13.17066,0.050,1,9
547,80.500,22.31121,0.050,1,40
548,40.500,26.49245,0.050,0,50
549,26.500,20.39445,0.050,0,50
550,57.500,22.92444,0.050,1,10
551,42.000,20.75415,0.050,0,50
552,26.000,18.90105,0.050,0,50
553,36.000,24.03018,0.050,0,50
554,12.500,22.05792,0.050,0,50
555,24.500,22.15147,0.050,0,50
556,44.000,23.30931,0.050,0,50
557,-13.500,22.19099,0.050,0,50
558,11.000,21.69786,0.050,0,50
559,28.000,21.22052,0.050,0,50
560,58.700,21.79916,0.050,1,23
561,54.900,37.66022,0.050,1,6
562,70.800,18.13467,0.050,1,27
563,54.800,18.36842,0.050,1,7
564,17.500,18.52930,0.050,0,50
565,51.800,22.18792,0.050,1,2
566,80.300,27.17349,0.050,1,42
567,58.900,22.72322,0.050,1,16
568,19.500,21.14298,0.050,0,50
569,57.100,13.73257,0.050,1,14
570,55.100,21.72575,0.050,1,34
571,1.000,22.04412,0.050,0,50
572,54.900,27.36513,0.050,1,11
573,52.800,35.04398,0.050,1,7
574,37.000,20.97793,0.050,0,50
575,60.700,18.57001,0.050,1,18
576,31.000,25.43033,0.050,0,50
577,88.000,24.67049,0.050,1,45
578,56.400,23.92044,0.050,1,11
579,51.600,17.91616,0.050,1,4
580,13.500,26.79629,0.050,0,50
581,37.500,27.56489,0.050,0,50
582,52.200,16.87731,0.050,1,3
583,11.000,22.34263,0.050,0,50
584,56.700,24.71810,0.050,1,13
585,20.500,25.23448,0.050,0,50
586,17.500,20.51012,0.050,0,50
587,28.500,23.16326,0.050,0,50
588,51.300,48.11055,0.050,1,2
589,62.600,19.51168,0.050,1,19
590,15.000,24.85192,0.050,0,50
591,38.500,21.67250,0.050,0,50
592,56.300,18.49733,0.050,1,22
593,52.700,23.24704,0.050,1,8
594,19.000,26.02687,0.050,0,50
595,26.500,22.41627,0.050,0,50
596,39.500,22.93240,0.050,0,50
597,32.500,21.13255,0.050,0,50
598,21.000,20.98574,0.050,0,50
599,52.700,2.73598,0.050,1,3
600,31.500,22.53739,0.050,0,50
601,58.800,17.46946,0.050,1,12
602,54.800,28.45662,0.050,1,17
603,53.400,35.57187,0.050,1,6
604,52.100,19.37913,0.050,1,4
605,23.000,25.19666,0.050,0,50
606,65.200,20.29234,0.050,1,33
607,54.500,16.88235,0.050,1,10
608,70.200,21.32370,0.050,1,28
609,65.300,15.32615,0.050,1,37
610,51.700,42.17568,0.050,1,3
611,9.500,16.25667,0.050,0,50
612,53.700,31.25680,0.050,1,8
613,55.700,20.79468,0.050,1,8
614,61.000,27.63276,0.050,1,15
615,13.000,19.62052,0.050,0,50
616,55.300,20.50869,0.050,1,7
617,52.000,15.55107,0.050,1,5
618,26.500,19.88869,0.050,0,50
619,28.000,21.12881,0.050,0,50
620,32.500,16.16939,0.050,0,50
621,19.000,19.11650,0.050,0,50
622,40.000,22.89874,0.050,0,50
623,40.000,32.16366,0.050,0,50
624,54.900,21.62451,0.050,1,11
625,23.000,26.63905,0.050,0,50
626,51.600,11.06110,0.050,1,4
627,72.100,18.13162,0.050,1,34
628,27.000,24.60823,0.050,0,50
629,59.300,25.92517,0.050,1,17
630,52.200,23.74898,0.050,1,3
631,53.000,20.23710,0.050,1,5
632,84.000,23.91284,0.050,1,45
633,56.900,31.70474,0.050,1,11
634,29.500,18.60209,0.050,0,50
635,54.000,35.13404,0.050,1,10
636,33.500,17.82526,0.050,0,50
637,41.000,26.82534,0.050,0,50
638,55.000,30.87770,0.050,1,10
639,19.500,28.59986,0.050,0,50
640,53.700,13.11726,0.050,1,8
641,52.300,12.96007,0.050,1,2
642,53.000,14.50911,0.050,1,5
643,53.900,19.11542,0.050,1,6
644,39.000,25.33642,0.050,0,50
645,41.000,21.93183,0.050,0,50
646,18.000,30.50522,0.050,0,50
647,34.500,21.58760,0.050,0,50
648,31.500,26.65180,0.050,0,50
649,61.900,19.91164,0.050,1,16
650,81.600,27.87047,0.050,1,49
651,52.700,15.46467,0.050,1,3
652,71.600,27.76913,0.050,1,29
653,35.000,21.51411,0.050,0,50
654,38.500,19.61353,0.050,0,50
655,59.700,17.73677,0.050,1,18
656,68.400,24.96299,0.050,1,41
657,27.500,23.03036,0.050,0,50
658,17.000,21.08074,0.050,0,50
659,35.500,23.34148,0.050,0,50
660,33.000,22.48805,0.050,0,50
661,58.400,20.21829,0.050,1,36
662,36.000,26.40692,0.050,0,50
663,77.900,27.42918,0.050,1,41
664,10.500,20.72085,0.050,0,50
665,51.700,38.50365,0.050,1,3
666,59.600,19.14627,0.050,1,19
667,84.000,17.64734,0.050,1,50
668,62.400,22.84003,0.050,1,26
669,51.200,42.24317,0.050,1,3
670,54.300,29.15063,0.050,1,7
671,35.000,24.95773,0.050,0,50
672,62.800,19.35879,0.050,1,17
673,56.200,35.29222,0.050,1,13
674,30.500,26.86666,0.050,0,50
675,53.900,12.96805,0.050,1,6
676,44.100,28.02625,0.050,1,49
677,57.500,21.59613,0.050,1,10
678,32.500,18.04863,0.050,0,50
679,53.000,17.42522,0.050,1,5
680,14.500,23.30325,0.050,0,50
681,31.500,26.12580,0.050,0,50
682,54.300,29.59627,0.050,1,7
683,27.000,25.81303,0.050,0,50
684,79.900,20.95364,0.050,1,36
685,40.500,23.96140,0.050,0,50
686,51.500,21.24284,0.050,1,5
687,30.500,20.11638,0.050,0,50
688,41.000,26.89236,0.050,0,50
689,52.700,20.33973,0.050,1,8
690,64.700,21.47767,0.050,1,43
691,18.000,21.76872,0.050,0,50
692,51.800,20.56804,0.050,1,2
693,18.500,26.02345,0.050,0,50
694,26.000,24.17333,0.050,0,50
695,54.600,29.90714,0.050,1,9
696,40.000,23.11662,0.050,0,50
697,31.000,24.12182,0.050,0,50
698,55.700,21.40776,0.050,1,8
699,54.700,21.83987,0.050,1,8
700,29.500,26.80671,0.050,0,50
701,80.000,21.51597,0.050,1,45
702,58.100,26.03875,0.050,1,14
703,22.000,24.60697,0.050,0,50
704,59.500,22.55724,0.050,1,30
705,55.100,23.82499,0.050,1,9
706,52.100,36.23153,0.050,1,4
707,30.500,21.46283,0.050,0,50
708,52.700,26.75615,0.050,1,8
709,54.900,21.55788,0.050,1,21
710,27.000,24.42922,0.050,0,50
711,26.500,21.84993,0.050,0,50
712,52.800,32.55820,0.050,1,7
713,63.300,16.24433,0.050,1,27
714,55.400,21.48066,0.050,1,6
715,59.100,24.25578,0.050,1,24
716,55.700,23.77923,0.050,1,13
717,59.600,27.34587,0.050,1,14
718,56.900,26.60166,0.050,1,11
719,33.500,25.21342,0.050,0,50
720,31.000,19.35263,0.050,0,50
721,-0.000,20.15072,0.050,0,50
722,30.000,26.99848,0.050,0,50
723,34.500,26.67142,0.050,0,50
724,28.500,21.79677,0.050,0,50
725,75.800,25.68356,0.050,1,37
726,64.500,21.88777,0.050,1,30
727,62.500,21.35177,0.050,1,25
728,16.500,22.39465,0.050,0,50
729,35.500,21.20098,0.050,0,50
730,29.500,22.74763,0.050,0,50
731,35.500,24.29471,0.050,0,50
732,55.000,26.13097,0.050,1,10
733,55.300,30.16841,0.050,1,7
734,40.500,23.37513,0.050,0,50
735,21.000,20.14236,0.050,0,50
736,56.500,20.71254,0.050,1,25
737,71.400,22.01494,0.050,1,36
738,31.500,20.73079,0.050,0,50
739,53.800,23.36607,0.050,1,7
740,56.600,34.55213,0.050,1,14
741,81.500,26.53486,0.050,1,50
742,54.300,13.75137,0.050,1,7
743,54.400,15.49804,0.050,1,11
744,18.000,22.43634,0.050,0,50
745,84.800,20.87517,0.050,1,47
746,56.900,25.91130,0.050,1,11
747,68.700,22.48370,0.050,1,33
748,24.000,23.35135,0.050,0,50
749,29.000,21.65126,0.050,0,50
750,79.200,26.54169,0.050,1,43
751,88.100,25.82190,0.050,1,44
752,32.500,20.35845,0.050,0,50
753,57.200,19.87161,0.050,1,8
754,34.000,25.18350,0.050,0,50
755,14.000,22.24658,0.050,0,50
756,65.800,16.67669,0.050,1,22
757,54.300,22.82161,0.050,1,7
758,57.900,24.78204,0.050,1,11
759,72.100,27.01177,0.050,1,29
760,33.000,25.00922,0.050,0,50
761,52.000,28.54737,0.050,1,5
762,52.300,31.51624,0.050,1,7
763,28.000,23.73542,0.050,0,50
764,56.500,35.00179,0.050,1,10
765,52.000,27.16071,0.050,1,5
766,38.000,22.08095,0.050,0,50
767,54.000,29.31750,0.050,1,5
768,53.900,29.79640,0.050,1,6
769,52.700,21.86729,0.050,1,8
770,52.300,6.65510,0.050,1,2
771,65.700,21.37412,0.050,1,23
772,55.000,16.89624,0.050,1,5
773,53.400,24.70879,0.050,1,6
774,38.000,25.26372,0.050,0,50
775,37.000,25.61999,0.050,0,50
776,33.000,25.70946,0.050,0,50
777,54.900,25.98012,0.050,1,16
778,64.400,22.89389,0.050,1,21
779,53.500,21.32194,0.050,1,5
780,56.200,22.08679,0.050,1,8
781,53.500,15.73053,0.050,1,5
782,18.500,21.25336,0.050,0,50
783,63.500,25.43395,0.050,1,25
784,53.500,23.44638,0.050,1,5
785,68.000,25.53633,0.050,1,30
786,63.500,26.69115,0.050,1,30
787,24.000,24.42765,0.050,0,50
788,57.200,20.75339,0.050,1,8
789,51.800,38.15352,0.050,1,2
790,54.600,19.96044,0.050,1,9
791,63.300,18.99457,0.050,1,27
792,57.400,20.75243,0.050,1,11
793,62.300,16.31166,0.050,1,17
794,72.900,24.66229,0.050,1,31
795,65.000,26.05031,0.050,1,35
796,59.400,25.10365,0.050,1,11
797,61.300,24.72373,0.050,1,17
798,36.500,22.30545,0.050,0,50
799,57.500,17.72986,0.050,1,10
800,34.500,25.87149,0.050,0,50
801,54.000,22.83531,0.050,1,5
802,70.900,21.54096,0.050,1,36
803,65.700,25.45756,0.050,1,28
804,38.000,22.34169,0.050,0,50
805,55.500,22.40714,0.050,1,10
806,52.700,11.72916,0.050,1,3
807,21.500,24.28857,0.050,0,50
808,69.200,27.54199,0.050,1,33
809,51.500,22.17227,0.050,1,5
810,58.400,25.75042,0.050,1,11
811,33.000,21.65086,0.050,0,50
812,65.300,23.17789,0.050,1,17
813,56.700,24.42038,0.050,1,13
814,57.700,18.39417,0.050,1,13
815,52.600,22.37428,0.050,1,4
816,53.100,12.85782,0.050,1,4
817,57.800,24.73795,0.050,1,12
818,60.900,23.99967,0.050,1,16
819,25.000,22.53922,0.050,0,50
820,54.800,15.53001,0.050,1,12
821,56.900,26.81997,0.050,1,11
822,54.200,22.11304,0.050,1,8
823,29.500,23.65996,0.050,0,50
824,63.100,25.40950,0.050,1,19
825,53.200,26.10853,0.050,1,3
826,52.100,12.77453,0.050,1,4
827,57.300,24.36493,0.050,1,17
828,55.300,19.16137,0.050,1,12
829,55.200,25.78969,0.050,1,8
830,63.500,22.58538,0.050,1,25
831,55.900,14.42006,0.050,1,11
832,69.700,24.81989,0.050,1,28
833,53.000,25.93496,0.050,1,5
834,68.300,27.40274,0.050,1,42
835,55.200,32.90130,0.050,1,38
836,30.500,25.42744,0.050,0,50
837,52.200,16.10417,0.050,1,8
838,71.600,26.49567,0.050,1,34
839,57.000,22.29986,0.050,1,10
840,54.400,46.16718,0.050,1,6
841,60.900,32.36164,0.050,1,16
842,26.500,28.44217,0.050,0,50
843,66.400,26.40820,0.050,1,31
844,54.000,21.33128,0.050,1,5
845,26.000,21.80645,0.050,0,50
846,62.900,21.60838,0.050,1,21
847,57.700,33.95509,0.050,1,13
848,53.400,10.52002,0.050,1,6
849,59.900,24.31445,0.050,1,11
850,29.000,28.94503,0.050,0,50
851,61.200,23.23005,0.050,1,18
852,75.100,24.99380,0.050,1,34
853,52.400,12.81543,0.050,1,6
854,54.000,19.09306,0.050,1,5
855,12.500,23.98747,0.050,0,50
856,55.600,28.69185,0.050,1,9
857,52.000,16.53873,0.050,1,5
858,21.500,29.91327,0.050,0,50
859,75.800,25.98517,0.050,1,37
860,53.100,16.24013,0.050,1,4
861,37.000,25.48427,0.050,0,50
862,55.500,28.69053,0.050,1,10
863,53.700,24.47359,0.050,1,8
864,57.400,26.86792,0.050,1,11
865,32.000,24.58496,0.050,0,50
866,59.400,28.34998,0.050,1,11
867,54.400,30.82827,0.050,1,6
868,34.000,28.76874,0.050,0,50
869,58.000,20.36992,0.050,1,15
870,9.500,26.47656,0.050,0,50
871,56.200,27.83800,0.050,1,13
872,63.100,21.65827,0.050,1,34
873,53.000,25.59242,0.050,1,5
874,58.000,29.68374,0.050,1,25
875,72.100,22.02615,0.050,1,39
876,81.900,25.74998,0.050,1,41
877,36.500,20.74949,0.050,0,50
878,52.600,21.80838,0.050,1,4
879,27.500,21.20726,0.050,0,50
880,54.100,25.83491,0.050,1,9
881,52.500,25.02214,0.050,1,5
882,54.100,23.15936,0.050,1,9
883,58.900,20.91812,0.050,1,16
884,56.500,21.83721,0.050,1,10
885,52.500,23.47868,0.050,1,5
886,34.500,25.06599,0.050,0,50
887,65.500,28.19337,0.050,1,20
888,55.800,28.29423,0.050,1,12
889,59.900,25.95638,0.050,1,16
890,30.500,23.65773,0.050,0,50
891,54.500,31.04712,0.050,1,10
892,68.100,21.69845,0.050,1,24
893,64.400,23.92635,0.050,1,21
894,54.700,43.84717,0.050,1,8
895,71.300,19.70243,0.050,1,32
896,37.000,26.70235,0.050,0,50
897,75.700,22.70274,0.050,1,38
898,52.000,26.48286,0.050,1,5
899,51.700,21.16517,0.050,1,3
900,53.100,19.26145,0.050,1,4
901,76.500,29.48622,0.050,1,40
902,57.100,38.21548,0.050,1,9
903,67.700,23.44488,0.050,1,23
904,24.000,30.04422,0.050,0,50
905,37.000,24.20820,0.050,0,50
906,56.100,21.94968,0.050,1,9
907,60.600,28.25204,0.050,1,14
908,80.600,23.39439,0.050,1,44
909,59.900,28.26253,0.050,1,36
910,56.500,26.32415,0.050,1,10
911,54.400,39.08010,0.050,1,6
912,55.900,19.58546,0.050,1,11
913,60.000,21.45453,0.050,1,25
914,52.800,30.44600,0.050,1,7
915,20.000,26.14075,0.050,0,50
916,34.500,25.42262,0.050,0,50
917,56.700,23.66284,0.050,1,13
918,52.600,18.72507,0.050,1,4
919,76.400,20.86343,0.050,1,46
920,34.000,23.81270,0.050,0,50
921,53.000,31.24164,0.050,1,5
922,54.400,20.52312,0.050,1,6
923,52.700,34.65058,0.050,1,3
924,53.800,37.84212,0.050,1,7
925,52.200,31.47951,0.050,1,3
926,57.100,25.44308,0.050,1,14
927,29.000,25.67405,0.050,0,50
928,28.500,24.40537,0.050,0,50
929,62.500,23.27410,0.050,1,20
930,52.000,22.00828,0.050,1,5
931,53.600,24.87567,0.050,1,4
932,60.200,24.58234,0.050,1,18
933,53.000,26.78226,0.050,1,10
934,20.000,28.60421,0.050,0,50
935,54.800,29.11830,0.050,1,7
936,59.100,30.08078,0.050,1,14
937,42.500,25.84892,0.050,0,50
938,56.100,28.68880,0.050,1,9
939,54.700,32.25360,0.050,1,8
940,56.600,28.61909,0.050,1,9
941,56.800,27.86298,0.050,1,12
942,59.700,23.89324,0.050,1,18
943,16.500,28.32474,0.050,0,50
944,64.500,24.37484,0.050,1,20
945,28.000,22.72588,0.050,0,50
946,53.800,31.58371,0.050,1,7
947,53.500,22.77420,0.050,1,5
948,14.000,24.03196,0.050,0,50
949,53.400,21.13142,0.050,1,6
950,27.000,27.19375,0.050,0,50
951,53.000,25.35322,0.050,1,5
952,19.000,27.65489,0.050,0,50
953,53.100,24.29987,0.050,1,4
954,8.000,27.27883,0.050,0,50
955,54.300,22.80921,0.050,1,7
956,35.000,24.35440,0.050,0,50
957,52.200,19.19417,0.050,1,3
958,51.200,30.50451,0.050,1,3
959,55.800,16.33747,0.050,1,7
960,54.000,20.24984,0.050,1,5
961,71.800,24.42051,0.050,1,47
962,53.700,20.03822,0.050,1,8
963,25.500,24.02140,0.050,0,50
964,58.800,33.01628,0.050,1,12
965,52.500,21.63370,0.050,1,5
966,21.000,22.23955,0.050,0,50
967,53.100,28.51268,0.050,1,4
968,54.300,22.27118,0.050,1,7
969,48.300,24.74997,0.050,1,22
970,52.500,21.46963,0.050,1,5
971,52.200,25.94885,0.050,1,3
972,55.700,22.16824,0.050,1,8
973,52.600,27.79360,0.050,1,9
974,53.200,12.95007,0.050,1,8
975,55.600,23.93482,0.050,1,9
976,56.000,18.92267,0.050,1,15
977,63.400,26.52554,0.050,1,26
978,67.000,27.40206,0.050,1,50
979,71.500,27.29256,0.050,1,30
980,67.800,24.07190,0.050,1,27
981,54.100,18.88527,0.050,1,9
982,59.900,35.71992,0.050,1,16
983,72.400,23.22572,0.050,1,31
984,52.100,23.57196,0.050,1,4
985,54.000,23.93814,0.050,1,10
986,64.300,26.23458,0.050,1,37
987,65.900,24.37860,0.050,1,26
988,59.400,31.97993,0.050,1,16
989,30.500,26.41717,0.050,0,50
990,57.500,21.34828,0.050,1,10
991,54.900,18.82551,0.050,1,6
992,42.000,23.72030,0.050,0,50
993,61.900,29.21206,0.050,1,16
994,79.700,28.42851,0.050,1,48
995,53.200,30.44848,0.050,1,8
996,60.800,25.99877,0.050,1,22
997,56.300,32.82271,0.050,1,12
998,27.000,22.70159,0.050,0,50
999,53.300,29.81393,0.050,1,7
1000,60.300,23.37187,0.050,1,27
1001,18.500,26.27951,0.050,0,50
1002,55.100,16.81281,0.050,1,9
1003,54.400,25.80508,0.050,1,6
1004,52.600,24.96171,0.050,1,4
1005,90.000,28.42064,0.050,1,50
1006,29.500,27.14155,0.050,0,50
1007,52.200,27.16523,0.050,1,3
1008,75.500,25.48563,0.050,1,30
1009,51.700,33.95952,0.050,1,3
1010,68.100,20.24180,0.050,1,24
1011,85.200,28.73653,0.050,1,43
1012,53.800,32.43454,0.050,1,7
1013,57.800,25.16889,0.050,1,12
1014,40.500,25.94393,0.050,0,50
1015,56.700,32.48720,0.050,1,13
1016,20.500,24.61920,0.050,0,50
1017,2.000,21.33544,0.050,0,50
1018,58.000,31.30908,0.050,1,15
1019,56.100,29.95365,0.050,1,9
1020,20.500,22.01712,0.050,0,50
1021,64.400,23.73323,0.050,1,21
1022,28.000,27.12659,0.050,0,50
1023,23.000,23.54914,0.050,0,50
1024,24.500,24.90330,0.050,0,50
1025,79.900,29.01556,0.050,1,36
1026,56.600,28.42599,0.050,1,9
1027,53.700,28.96657,0.050,1,8
1028,13.000,26.39204,0.050,0,50
1029,57.400,17.10897,0.050,1,11
1030,63.700,27.88633,0.050,1,23
1031,31.000,23.76696,0.050,0,50
1032,27.000,26.40071,0.050,0,50
1033,58.000,30.34025,0.050,1,15
1034,53.400,25.96707,0.050,1,6
1035,81.300,23.55318,0.050,1,37
1036,81.200,19.65095,0.050,1,43
1037,53.800,18.29845,0.050,1,7
1038,58.500,27.55048,0.050,1,15
1039,55.700,36.60781,0.050,1,8
1040,55.800,28.01127,0.050,1,17
1041,66.700,21.02870,0.050,1,38
1042,23.000,22.53646,0.050,0,50
1043,30.500,27.45773,0.050,0,50
1044,71.000,22.59076,0.050,1,30
1045,53.600,23.59215,0.050,1,9
1046,55.700,26.14589,0.050,1,8
1047,55.000,30.45824,0.050,1,15
1048,19.000,25.11298,0.050,0,50
1049,52.700,27.24907,0.050,1,8
1050,10.500,25.49077,0.050,0,50
1051,68.800,18.87257,0.050,1,32
1052,59.000,20.65301,0.050,1,15
1053,27.500,26.99284,0.050,0,50
1054,58.500,21.26618,0.050,1,10
1055,60.100,20.14670,0.050,1,19
1056,38.500,22.57143,0.050,0,50
1057,54.000,32.03072,0.050,1,5
1058,59.100,20.48089,0.050,1,19
1059,54.100,24.64184,0.050,1,9
1060,64.600,29.77464,0.050,1,19
1061,65.100,17.53690,0.050,1,24
1062,69.400,23.80831,0.050,1,41
1063,25.500,23.06434,0.050,0,50
1064,54.300,23.83468,0.050,1,7
1065,1.000,23.99599,0.050,0,50
1066,54.200,22.54670,0.050,1,8
1067,55.500,23.80360,0.050,1,10
1068,56.200,22.35083,0.050,1,8
1069,54.100,30.35696,0.050,1,9
1070,54.800,23.03827,0.050,1,12
1071,26.000,20.51057,0.050,0,50
1072,63.800,19.45551,0.050,1,22
1073,52.500,24.69014,0.050,1,5
1074,60.700,16.90481,0.050,1,18
1075,65.700,20.48617,0.050,1,23
1076,40.000,26.17833,0.050,0,50
1077,56.100,28.06472,0.050,1,9
1078,60.600,23.50464,0.050,1,34
1079,53.900,24.90507,0.050,1,11
1080,78.600,23.24313,0.050,1,44
1081,53.100,20.25705,0.050,1,4
1082,76.500,21.70558,0.050,1,45
1083,54.500,25.23981,0.050,1,5
1084,55.800,21.10305,0.050,1,7
1085,56.300,25.57499,0.050,1,7
1086,53.600,20.46789,0.050,1,4
1087,22.500,27.30127,0.050,0,50
1088,52.700,20.11517,0.050,1,3
1089,10.500,23.61426,0.050,0,50
1090,55.400,22.86561,0.050,1,11
1091,56.900,20.35867,0.050,1,11
1092,17.500,25.86390,0.050,0,50
1093,75.200,23.17382,0.050,1,38
1094,53.200,32.70255,0.050,1,3
1095,66.400,27.95178,0.050,1,21
1096,28.500,25.10627,0.050,0,50
1097,51.500,26.51997,0.050,1,5
1098,51.400,24.12165,0.050,1,36
1099,55.600,19.84386,0.050,1,19
1100,55.000,17.73981,0.050,1,10
1101,59.100,22.65841,0.050,1,19
1102,59.000,17.37535,0.050,1,20
1103,52.600,23.00112,0.050,1,4
1104,57.800,30.17127,0.050,1,12
1105,54.400,24.47001,0.050,1,16
1106,55.400,21.71253,0.050,1,11
1107,53.100,18.32312,0.050,1,4
1108,62.200,25.53623,0.050,1,23
1109,53.500,23.62578,0.050,1,20
1110,58.200,14.92837,0.050,1,13
1111,54.400,19.20017,0.050,1,6
1112,32.500,26.04169,0.050,0,50
1113,37.500,24.67003,0.050,0,50
1114,59.900,27.22161,0.050,1,11
1115,9.500,22.65348,0.050,0,50
1116,54.500,25.93695,0.050,1,10
1117,6.500,23.67061,0.050,0,50
1118,52.200,29.58324,0.050,1,8
1119,30.000,23.76433,0.050,0,50
1120,34.500,21.94406,0.050,0,50
1121,53.500,17.51926,0.050,1,5
1122,57.400,15.68641,0.050,1,11
1123,55.100,34.08337,0.050,1,9
1124,53.600,16.14458,0.050,1,4
1125,58.400,17.79020,0.050,1,11
1126,55.400,25.87396,0.050,1,21
1127,14.000,23.68794,0.050,0,50
1128,54.600,24.75865,0.050,1,9
1129,55.200,27.16915,0.050,1,8
1130,11.000,21.86695,0.050,0,50
1131,54.900,23.13221,0.050,1,11
1132,54.400,28.60612,0.050,1,6
1133,67.400,20.37151,0.050,1,26
1134,52.600,23.73233,0.050,1,4
1135,52.500,10.41026,0.050,1,5
1136,72.600,23.21289,0.050,1,44
1137,54.000,23.96200,0.050,1,10
1138,53.000,24.30895,0.050,1,5
1139,56.000,26.58976,0.050,1,10
1140,53.400,24.91153,0.050,1,6
1141,55.200,32.93780,0.050,1,8
1142,52.200,20.25163,0.050,1,3
1143,56.100,24.08865,0.050,1,19
1144,36.500,24.40119,0.050,0,50
1145,60.900,22.95728,0.050,1,21
1146,53.500,32.49915,0.050,1,5
1147,55.300,24.72487,0.050,1,12
1148,57.800,24.86137,0.050,1,37
1149,55.600,20.18070,0.050,1,9
1150,58.600,25.54366,0.050,1,19
1151,56.600,21.53365,0.050,1,14
1152,62.600,18.43820,0.050,1,14
1153,57.500,23.34750,0.050,1,15
1154,63.000,23.54561,0.050,1,30
1155,65.800,22.64714,0.050,1,32
1156,54.400,27.75607,0.050,1,6
1157,55.000,24.18390,0.050,1,10
1158,54.800,28.16152,0.050,1,17
1159,55.300,27.60389,0.050,1,7
1160,54.900,24.76013,0.050,1,6
1161,-21.000,21.38118,0.050,0,50
1162,71.300,19.27424,0.050,1,32
1163,90.500,23.13730,0.050,1,50
1164,70.800,22.48774,0.050,1,27
1165,58.300,27.20702,0.050,1,12
1166,52.100,15.50190,0.050,1,4
1167,62.500,22.71099,0.050,1,15
1168,52.900,22.68172,0.050,1,6
1169,38.500,23.06093,0.050,0,50
1170,53.600,25.40095,0.050,1,4
1171,54.300,29.45577,0.050,1,7
1172,40.000,23.73023,0.050,0,50
1173,53.600,26.05044,0.050,1,4
1174,52.700,26.12910,0.050,1,8
1175,53.700,14.32881,0.050,1,8
1176,61.900,17.68399,0.050,1,21
1177,23.000,24.10199,0.050,0,50
1178,58.500,24.62393,0.050,1,15
1179,63.400,22.37380,0.050,1,31
1180,58.600,21.73190,0.050,1,14
1181,55.500,23.88382,0.050,1,15
1182,35.500,22.34014,0.050,0,50
1183,56.600,26.25119,0.050,1,19
1184,21.000,24.17325,0.050,0,50
1185,54.400,24.04830,0.050,1,11
1186,57.700,19.25513,0.050,1,8
1187,38.000,23.11380,0.050,0,50
1188,56.700,24.78707,0.050,1,13
1189,50.700,27.89050,0.050,1,33
1190,35.000,21.50099,0.050,0,50
1191,12.500,24.14586,0.050,0,50
1192,52.500,17.55882,0.050,1,5
1193,56.000,23.21785,0.050,1,10
1194,30.500,24.94077,0.050,0,50
1195,53.600,26.29521,0.050,1,4
1196,30.500,21.87328,0.050,0,50
1197,57.500,22.86652,0.050,1,15
1198,48.300,20.06252,0.050,1,32
1199,53.300,24.87676,0.050,1,7
1200,58.100,22.83239,0.050,1,19
1201,54.700,23.76567,0.050,1,8
1202,38.500,25.21208,0.050,0,50
1203,52.100,24.53533,0.050,1,4
1204,65.100,23.61395,0.050,1,24
1205,69.700,23.99075,0.050,1,43
1206,51.200,16.51840,0.050,1,3
1207,54.300,20.32934,0.050,1,12
1208,56.000,28.42915,0.050,1,10
1209,53.100,26.28255,0.050,1,4
1210,51.800,29.89451,0.050,1,7
1211,36.500,23.39805,0.050,0,50
1212,24.000,23.83665,0.050,0,50
1213,53.000,17.32498,0.050,1,5
1214,86.600,24.82738,0.050,1,44
1215,88.500,23.16967,0.050,1,50
1216,74.900,22.10112,0.050,1,36
1217,21.000,24.25404,0.050,0,50
1218,75.700,25.24127,0.050,1,38
1219,56.000,21.07393,0.050,1,10
1220,53.700,25.56612,0.050,1,8
1221,55.100,21.92363,0.050,1,14
1222,61.500,21.22545,0.050,1,35
1223,55.300,19.11748,0.050,1,7
1224,36.500,22.56501,0.050,0,50
1225,56.500,31.71901,0.050,1,10
1226,56.400,23.52483,0.050,1,11
1227,55.300,22.96634,0.050,1,12
1228,53.300,17.03325,0.050,1,12
1229,61.300,24.60401,0.050,1,27
1230,53.700,29.25469,0.050,1,23
1231,52.700,27.62103,0.050,1,3
1232,0.500,22.76383,0.050,0,50
1233,52.100,16.71580,0.050,1,4
1234,22.500,24.91749,0.050,0,50
1235,60.800,23.73330,0.050,1,27
1236,52.100,24.08227,0.050,1,9
1237,62.300,22.04820,0.050,1,17
1238,53.000,26.36212,0.050,1,5
1239,5.500,21.80236,0.050,0,50
1240,58.200,20.40949,0.050,1,23
1241,54.000,25.67170,0.050,1,10
1242,57.500,27.54876,0.050,1,15
1243,36.500,23.99670,0.050,0,50
1244,64.100,23.54436,0.050,1,19
1245,53.300,26.70797,0.050,1,7
1246,54.400,29.62535,0.050,1,11
1247,57.700,29.14412,0.050,1,18
1248,5.500,22.20037,0.050,0,50
1249,51.700,29.42154,0.050,1,8
1250,53.000,25.44707,0.050,1,5
1251,21.000,24.90440,0.050,0,50
1252,54.500,21.70065,0.050,1,5
1253,63.900,26.52029,0.050,1,21
1254,56.800,22.81040,0.050,1,12
1255,60.700,26.11553,0.050,1,18
1256,53.800,26.08009,0.050,1,7
1257,53.500,31.19484,0.050,1,5
1258,60.100,28.82217,0.050,1,19
1259,59.700,26.83164,0.050,1,13
1260,53.200,30.98475,0.050,1,8
1261,40.500,24.64635,0.050,0,50
1262,18.000,21.72288,0.050,0,50
1263,52.500,19.36717,0.050,1,5
1264,53.100,19.26853,0.050,1,4
1265,13.500,24.01021,0.050,0,50
1266,56.500,21.24566,0.050,1,15
1267,57.600,26.37741,0.050,1,19
1268,56.300,23.56625,0.050,1,27
1269,55.200,25.78447,0.050,1,8
1270,24.000,24.43862,0.050,0,50
1271,57.900,26.01041,0.050,1,11
1272,55.000,31.39875,0.050,1,10
1273,52.800,23.62479,0.050,1,7
1274,54.500,27.77828,0.050,1,5
1275,52.300,25.04414,0.050,1,7
1276,57.000,25.00548,0.050,1,45
1277,60.900,25.74352,0.050,1,36
1278,56.100,27.15664,0.050,1,24
1279,65.700,21.87885,0.050,1,28
1280,19.500,23.95127,0.050,0,50
1281,54.400,23.32681,0.050,1,6
1282,54.800,27.36745,0.050,1,7
1283,54.200,22.37691,0.050,1,8
1284,56.100,22.03224,0.050,1,14
1285,60.600,25.81380,0.050,1,19
1286,39.500,23.20112,0.050,0,50
1287,52.900,25.17811,0.050,1,6
1288,57.400,19.42932,0.050,1,11
1289,20.500,23.03863,0.050,0,50
1290,52.500,19.97455,0.050,1,5
1291,57.900,26.39125,0.050,1,11
1292,52.100,30.08921,0.050,1,4
1293,58.300,31.51716,0.050,1,12
1294,56.900,24.58285,0.050,1,11
1295,58.100,21.23688,0.050,1,14
1296,58.800,22.84438,0.050,1,47
1297,57.500,23.39017,0.050,1,20
1298,55.300,25.89395,0.050,1,12
1299,51.500,23.96413,0.050,1,5
1300,59.000,21.88214,0.050,1,15
1301,62.400,27.52488,0.050,1,31
1302,51.900,21.81992,0.050,1,6
1303,65.400,24.91711,0.050,1,36
1304,61.700,22.35839,0.050,1,23
1305,62.200,25.84101,0.050,1,18
1306,56.400,26.80581,0.050,1,11
1307,67.300,24.18175,0.050,1,32
1308,55.300,23.55892,0.050,1,7
1309,51.500,23.16215,0.050,1,5
1310,37.500,22.09501,0.050,0,50
1311,53.300,21.78339,0.050,1,7
1312,54.500,15.08068,0.050,1,10
1313,53.500,17.66721,0.050,1,5
1314,53.600,21.71829,0.050,1,4
1315,58.000,27.04231,0.050,1,15
1316,76.200,20.88777,0.050,1,33
1317,65.500,22.05096,0.050,1,20
1318,54.600,18.02051,0.050,1,9
1319,54.700,26.95963,0.050,1,8
1320,52.500,27.24603,0.050,1,10
1321,54.700,20.46572,0.050,1,8
1322,54.800,24.86721,0.050,1,7
1323,37.000,25.03070,0.050,0,50
1324,54.800,29.10228,0.050,1,7
1325,62.300,24.58671,0.050,1,22
1326,84.600,30.38653,0.050,1,49
1327,62.700,23.91963,0.050,1,28
1328,53.400,26.56473,0.050,1,16
1329,57.900,23.34239,0.050,1,11
1330,43.000,20.42005,0.050,0,50
1331,10.500,25.71071,0.050,0,50
1332,52.500,23.64898,0.050,1,10
1333,54.900,27.31089,0.050,1,6
1334,52.500,19.47718,0.050,1,5
1335,21.500,28.33217,0.050,0,50
1336,56.600,24.23519,0.050,1,9
1337,53.200,28.17816,0.050,1,3
1338,54.100,22.89336,0.050,1,9
1339,54.100,23.62724,0.050,1,19
1340,53.500,28.67306,0.050,1,5
1341,54.200,22.89183,0.050,1,8
1342,64.500,24.26672,0.050,1,25
1343,55.700,26.90646,0.050,1,8
1344,53.500,19.17441,0.050,1,5
1345,59.100,24.04959,0.050,1,14
1346,53.400,22.75730,0.050,1,6
1347,51.800,25.46065,0.050,1,7
1348,52.600,23.69211,0.050,1,4
1349,56.100,19.38011,0.050,1,9
1350,56.400,24.56329,0.050,1,11
1351,69.100,24.71804,0.050,1,49
1352,64.600,24.52062,0.050,1,24
1353,52.000,18.15814,0.050,1,5
1354,52.800,28.77784,0.050,1,7
1355,65.800,28.76447,0.050,1,32
1356,51.400,29.58058,0.050,1,6
1357,55.500,24.03149,0.050,1,10
1358,34.000,28.09987,0.050,0,50
1359,53.400,24.27864,0.050,1,6
1360,54.300,25.30033,0.050,1,7
1361,17.000,23.31895,0.050,0,50
1362,61.100,23.68601,0.050,1,19
1363,58.200,25.15522,0.050,1,13
1364,54.700,20.85524,0.050,1,8
1365,73.400,29.70506,0.050,1,41
1366,53.000,24.67450,0.050,1,5
1367,55.700,30.45520,0.050,1,8
1368,56.900,25.82342,0.050,1,16
1369,51.700,29.87129,0.050,1,3
1370,52.200,21.84455,0.050,1,3
1371,57.500,23.31852,0.050,1,20
1372,54.100,20.20267,0.050,1,4
1373,51.800,19.53589,0.050,1,12
1374,56.400,33.10810,0.050,1,11
1375,52.800,25.92159,0.050,1,7
1376,12.500,23.96910,0.050,0,50
1377,61.800,23.17723,0.050,1,27
1378,56.100,25.03292,0.050,1,14
1379,62.700,23.95953,0.050,1,23
1380,56.500,32.93445,0.050,1,10
1381,54.700,24.09052,0.050,1,8
1382,54.800,24.48453,0.050,1,7
1383,56.900,27.93216,0.050,1,16
1384,55.000,21.02000,0.050,1,10
1385,57.800,22.20565,0.050,1,12
1386,29.500,24.40671,0.050,0,50
1387,26.500,24.53448,0.050,0,50
1388,53.400,26.54826,0.050,1,6
1389,60.100,23.37397,0.050,1,19
1390,53.000,34.01339,0.050,1,5
1391,57.500,22.81766,0.050,1,15
1392,53.500,21.91067,0.050,1,5
1393,26.000,24.34881,0.050,0,50
1394,53.300,21.86826,0.050,1,7
1395,57.500,24.28753,0.050,1,10
1396,53.500,21.20910,0.050,1,5
1397,51.600,23.98874,0.050,1,4
1398,57.800,29.19962,0.050,1,12
1399,55.900,24.78486,0.050,1,21
1400,53.900,22.93418,0.050,1,11
1401,56.500,20.22563,0.050,1,10
1402,58.900,26.39203,0.050,1,16
1403,75.800,27.50540,0.050,1,42
1404,65.200,25.34061,0.050,1,43
1405,54.800,19.35459,0.050,1,7
1406,1.000,25.75179,0.050,0,50
1407,14.500,24.27135,0.050,0,50
1408,32.500,22.33650,0.050,0,50
1409,32.500,23.94258,0.050,0,50
1410,53.200,21.78609,0.050,1,8
1411,56.100,23.56904,0.050,1,9
1412,52.900,18.46635,0.050,1,6
1413,51.300,39.25738,0.050,1,2
1414,54.000,17.91768,0.050,1,5
1415,52.000,23.13311,0.050,1,5
1416,0.500,26.84850,0.050,0,50
1417,52.700,20.16167,0.050,1,3
1418,51.600,30.34058,0.050,1,4
1419,58.200,18.98169,0.050,1,13
1420,58.900,20.13534,0.050,1,11
1421,55.800,22.34963,0.050,1,7
1422,55.500,26.43115,0.050,1,10
1423,7.500,24.99011,0.050,0,50
1424,65.700,21.94308,0.050,1,28
1425,54.900,19.74859,0.050,1,6
1426,53.500,15.49328,0.050,1,5
1427,54.600,16.24103,0.050,1,9
1428,56.100,19.36619,0.050,1,9
1429,53.700,19.80186,0.050,1,8
1430,51.800,35.22145,0.050,1,7
1431,57.900,24.92065,0.050,1,11
1432,53.000,25.10348,0.050,1,10
1433,55.100,18.18561,0.050,1,9
1434,17.500,23.73086,0.050,0,50
1435,66.900,23.56657,0.050,1,46
1436,57.900,27.04878,0.050,1,11
1437,53.100,28.97620,0.050,1,4
1438,20.000,21.98597,0.050,0,50
1439,53.200,33.55853,0.050,1,8
1440,52.900,20.43674,0.050,1,6
1441,53.700,16.19133,0.050,1,8
1442,55.100,25.14461,0.050,1,9
1443,51.300,25.09450,0.050,1,2
1444,53.500,16.72343,0.050,1,5
1445,55.700,21.14311,0.050,1,8
1446,53.000,18.87140,0.050,1,5
1447,53.300,27.86800,0.050,1,7
1448,57.800,26.63092,0.050,1,12
1449,55.100,22.33212,0.050,1,14
1450,57.500,29.17321,0.050,1,10
1451,53.600,26.09330,0.050,1,4
1452,53.200,24.20468,0.050,1,8
1453,16.500,22.11787,0.050,0,50
1454,54.400,22.49844,0.050,1,6
1455,54.300,33.48193,0.050,1,7
1456,22.500,25.90757,0.050,0,50
1457,32.500,26.03693,0.050,0,50
1458,52.700,33.38226,0.050,1,3
1459,57.300,22.63817,0.050,1,12
1460,53.200,25.22768,0.050,1,3
1461,56.900,23.11367,0.050,1,16
1462,23.500,24.65041,0.050,0,50
1463,57.700,22.32572,0.050,1,13
1464,58.500,26.32438,0.050,1,20
1465,56.100,19.06796,0.050,1,9
1466,53.800,23.29009,0.050,1,7
1467,55.800,27.47570,0.050,1,12
1468,57.200,22.66528,0.050,1,13
1469,15.500,21.92467,0.050,0,50
1470,52.200,20.43878,0.050,1,8
1471,59.000,24.10107,0.050,1,20
1472,18.500,27.18618,0.050,0,50
1473,52.600,20.95411,0.050,1,4
1474,54.200,28.89694,0.050,1,8
1475,16.500,24.63605,0.050,0,50
1476,54.700,18.52494,0.050,1,8
1477,55.800,20.11877,0.050,1,12
1478,52.400,20.69060,0.050,1,6
1479,52.100,33.43093,0.050,1,4
1480,54.800,28.41780,0.050,1,12
1481,52.600,30.42807,0.050,1,4
1482,62.700,21.92505,0.050,1,23
1483,56.200,23.31281,0.050,1,13
1484,59.000,25.08357,0.050,1,15
1485,51.800,23.24453,0.050,1,47
1486,70.200,27.81464,0.050,1,48
1487,52.600,22.14290,0.050,1,4
1488,53.000,27.06841,0.050,1,5
1489,12.500,20.97806,0.050,0,50
1490,54.000,26.73447,0.050,1,15
1491,57.000,25.97399,0.050,1,15
1492,51.800,39.88200,0.050,1,2
1493,54.800,18.70178,0.050,1,7
1494,54.300,21.17019,0.050,1,7
1495,67.800,24.48554,0.050,1,27
1496,55.200,24.28143,0.050,1,33
1497,58.000,24.62055,0.050,1,20
1498,53.400,20.68497,0.050,1,6
1499,57.600,22.26921,0.050,1,14
